username,url,count
tombell,https://github.com/tombell,29
michaelansel,https://github.com/michaelansel,14
gr2m,https://github.com/gr2m,11
bhuga,https://github.com/bhuga,8
sdimkov,https://github.com/sdimkov,7
creatorrr,https://github.com/creatorrr,6
tricknotes,https://github.com/tricknotes,5
assaf,https://github.com/assaf,5
aroben,https://github.com/aroben,5
ejfinneran,https://github.com/ejfinneran,4
atmos,https://github.com/atmos,4
pescuma,https://github.com/pescuma,4
markstory,https://github.com/markstory,4
jimeh,https://github.com/jimeh,4
titanous,https://github.com/titanous,3
elliotttf,https://github.com/elliotttf,3
balbeko,https://github.com/balbeko,3
ferlores,https://github.com/ferlores,3
adamgross42,https://github.com/adamgross42,3
Vrtak-CZ,https://github.com/Vrtak-CZ,3
spajus,https://github.com/spajus,3
scboucher,https://github.com/scboucher,2
MrSaints,https://github.com/MrSaints,2
akiomik,https://github.com/akiomik,2
ZachBeta,https://github.com/ZachBeta,2
russelldavis,https://github.com/russelldavis,2
x1a0,https://github.com/x1a0,2
rafaelfranca,https://github.com/rafaelfranca,2
jhubert,https://github.com/jhubert,2
OleMchls,https://github.com/OleMchls,2
unixcharles,https://github.com/unixcharles,2
kashyapp,https://github.com/kashyapp,2
iangreenleaf,https://github.com/iangreenleaf,2
travisjeffery,https://github.com/travisjeffery,2
geoffreyanderson,https://github.com/geoffreyanderson,2
jasonkarns,https://github.com/jasonkarns,2
markpasc,https://github.com/markpasc,2
OiNutter,https://github.com/OiNutter,2
bartolsthoorn,https://github.com/bartolsthoorn,2
codec,https://github.com/codec,2
mexitek,https://github.com/mexitek,2
mose,https://github.com/mose,2
dmathieu,https://github.com/dmathieu,2
arttu,https://github.com/arttu,2
andyfowler,https://github.com/andyfowler,2
nwest,https://github.com/nwest,2
alininja,https://github.com/alininja,1
cannikin,https://github.com/cannikin,1
aqnouch,https://github.com/aqnouch,1
xhan,https://github.com/xhan,1
agrieser,https://github.com/agrieser,1
kballard,https://github.com/kballard,1
dblandin,https://github.com/dblandin,1
searls,https://github.com/searls,1
mcmahoniel,https://github.com/mcmahoniel,1
shiwano,https://github.com/shiwano,1
knomedia,https://github.com/knomedia,1
felixdv,https://github.com/felixdv,1
tfausak,https://github.com/tfausak,1
sishen,https://github.com/sishen,1
twellspring,https://github.com/twellspring,1
shaunkawano,https://github.com/shaunkawano,1
bouzuya,https://github.com/bouzuya,1
denisvm,https://github.com/denisvm,1
aendrew,https://github.com/aendrew,1
Hbrinj,https://github.com/Hbrinj,1
adamvduke,https://github.com/adamvduke,1
occ,https://github.com/occ,1
philippbeckmann,https://github.com/philippbeckmann,1
aaronj1335,https://github.com/aaronj1335,1
Taytay,https://github.com/Taytay,1
JrGoodle,https://github.com/JrGoodle,1
charlie-hadden,https://github.com/charlie-hadden,1
danehammer,https://github.com/danehammer,1
ngs,https://github.com/ngs,1
kyleslattery,https://github.com/kyleslattery,1
jasford,https://github.com/jasford,1
canadianveggie,https://github.com/canadianveggie,1
sethjackson,https://github.com/sethjackson,1
pgib,https://github.com/pgib,1
JetFault,https://github.com/JetFault,1
bhardin,https://github.com/bhardin,1
pchaigno,https://github.com/pchaigno,1
Excedrin,https://github.com/Excedrin,1
thomaschaaf,https://github.com/thomaschaaf,1
kch,https://github.com/kch,1
davereid,https://github.com/davereid,1
sopel,https://github.com/sopel,1
ChrisLundquist,https://github.com/ChrisLundquist,1
loafoe,https://github.com/loafoe,1
pseudomuto,https://github.com/pseudomuto,1
Restuta,https://github.com/Restuta,1
msabramo,https://github.com/msabramo,1
igorgue,https://github.com/igorgue,1
philnash,https://github.com/philnash,1
tacoe,https://github.com/tacoe,1
kevinsimper,https://github.com/kevinsimper,1
ksatirli,https://github.com/ksatirli,1
jonklo,https://github.com/jonklo,1
ajkerr,https://github.com/ajkerr,1
doque,https://github.com/doque,1
KasperDeng,https://github.com/KasperDeng,1
erikzaadi,https://github.com/erikzaadi,1
jszwedko,https://github.com/jszwedko,1
ymendel,https://github.com/ymendel,1
smgt,https://github.com/smgt,1
sgerrand,https://github.com/sgerrand,1
thiagopnts,https://github.com/thiagopnts,1
kavu,https://github.com/kavu,1
xuoe,https://github.com/xuoe,1
mizzy,https://github.com/mizzy,1
miyagawa,https://github.com/miyagawa,1
espy,https://github.com/espy,1
jbick,https://github.com/jbick,1
EllisV,https://github.com/EllisV,1
jjasghar,https://github.com/jjasghar,1
madzak,https://github.com/madzak,1
todd,https://github.com/todd,1
benodom,https://github.com/benodom,1
smerrill,https://github.com/smerrill,1
ronaldevers,https://github.com/ronaldevers,1
jackmawer,https://github.com/jackmawer,1
dannytatom,https://github.com/dannytatom,1
rodrigoaguilera,https://github.com/rodrigoaguilera,1
pdehaan,https://github.com/pdehaan,1
vinteo,https://github.com/vinteo,1
maxgoedjen,https://github.com/maxgoedjen,1
slawekzachcial,https://github.com/slawekzachcial,1
lornajane,https://github.com/lornajane,1
lusis,https://github.com/lusis,1
francois2metz,https://github.com/francois2metz,1
rsanheim,https://github.com/rsanheim,1
elmoeleven,https://github.com/elmoeleven,1
pra85,https://github.com/pra85,1
praseodym,https://github.com/praseodym,1
gotchahn,https://github.com/gotchahn,1
marsam,https://github.com/marsam,1
aitor,https://github.com/aitor,1
danielcompton,https://github.com/danielcompton,1
christierney,https://github.com/christierney,1
futuraprime,https://github.com/futuraprime,1
alexwhitman,https://github.com/alexwhitman,1
anroots,https://github.com/anroots,1
andresilva,https://github.com/andresilva,1
Seldaek,https://github.com/Seldaek,1
stkent,https://github.com/stkent,1
franc,https://github.com/franc,1
stevenklise,https://github.com/stevenklise,1
thiagogabriel,https://github.com/thiagogabriel,1
kristenmills,https://github.com/kristenmills,1
malditogeek,https://github.com/malditogeek,1
commadelimited,https://github.com/commadelimited,1
uugengiven,https://github.com/uugengiven,1
huafu,https://github.com/huafu,1
brianshumate,https://github.com/brianshumate,1
softarn,https://github.com/softarn,1
davidkassa,https://github.com/davidkassa,1
MonicaG,https://github.com/MonicaG,1
akameco,https://github.com/akameco,1
makii42,https://github.com/makii42,1
rantrix,https://github.com/rantrix,1
khellang,https://github.com/khellang,1
needcaffeine,https://github.com/needcaffeine,1
haf,https://github.com/haf,1
afeld,https://github.com/afeld,1
justincampbell,https://github.com/justincampbell,1
codafoo,https://github.com/codafoo,1
apolishch,https://github.com/apolishch,1
ta1kt0me,https://github.com/ta1kt0me,1
xt0rted,https://github.com/xt0rted,1
Mange,https://github.com/Mange,1
lautis,https://github.com/lautis,1
Sing-Li,https://github.com/Sing-Li,1
cupakromer,https://github.com/cupakromer,1
victorcoder,https://github.com/victorcoder,1
pcarrier,https://github.com/pcarrier,1
DavidWittman,https://github.com/DavidWittman,1
halkeye,https://github.com/halkeye,1
rileytg,https://github.com/rileytg,1
sapegin,https://github.com/sapegin,1
mbmccormick,https://github.com/mbmccormick,1
preflightsiren,https://github.com/preflightsiren,1
cjbottaro,https://github.com/cjbottaro,1
jbosse,https://github.com/jbosse,1
busbyjon,https://github.com/busbyjon,1
cycomachead,https://github.com/cycomachead,1
eventualbuddha,https://github.com/eventualbuddha,1
timclipsham,https://github.com/timclipsham,1
berg,https://github.com/berg,1
pauliwang,https://github.com/pauliwang,1
TheIronMarx,https://github.com/TheIronMarx,1
vinbarnes,https://github.com/vinbarnes,1
coryallegory,https://github.com/coryallegory,1
tas50,https://github.com/tas50,1
pawelrychlik,https://github.com/pawelrychlik,1
vanetix,https://github.com/vanetix,1
100ideas,https://github.com/100ideas,1
horaceko,https://github.com/horaceko,1
strugee,https://github.com/strugee,1
gasolin,https://github.com/gasolin,1
djl,https://github.com/djl,1
arcturial,https://github.com/arcturial,1
tspascoal,https://github.com/tspascoal,1
mrtazz,https://github.com/mrtazz,1
wingrunr21,https://github.com/wingrunr21,1
mdelagrange,https://github.com/mdelagrange,1
ivey,https://github.com/ivey,1
cldwalker,https://github.com/cldwalker,1
ctborg,https://github.com/ctborg,1
kylev,https://github.com/kylev,1
MathildeLemee,https://github.com/MathildeLemee,1
tmm1,https://github.com/tmm1,1
omares,https://github.com/omares,1
jaythomas,https://github.com/jaythomas,1
unok,https://github.com/unok,1
jennifersmith,https://github.com/jennifersmith,1
thogg4,https://github.com/thogg4,1
voidlily,https://github.com/voidlily,1
xrd,https://github.com/xrd,1
BrokenEnso,https://github.com/BrokenEnso,1
Eliada,https://github.com/Eliada,1
seancribbs,https://github.com/seancribbs,1
brentc,https://github.com/brentc,1
maxkoryukov,https://github.com/maxkoryukov,1
kneath,https://github.com/kneath,1
trumbitta,https://github.com/trumbitta,1
jacksonhull,https://github.com/jacksonhull,1
ouadie-lahdioui,https://github.com/ouadie-lahdioui,1
ahayworth,https://github.com/ahayworth,1
kauffecup,https://github.com/kauffecup,1
ablwr,https://github.com/ablwr,1
jexe,https://github.com/jexe,1
omega,https://github.com/omega,1
MyvarHD,https://github.com/MyvarHD,1
joshuarubin,https://github.com/joshuarubin,1
benburkert,https://github.com/benburkert,1
petedmarsh,https://github.com/petedmarsh,1
dianakhuang,https://github.com/dianakhuang,1
jbr,https://github.com/jbr,1
hhaidar,https://github.com/hhaidar,1
schisamo,https://github.com/schisamo,1
numbcoder,https://github.com/numbcoder,1
packetmonkey,https://github.com/packetmonkey,1
jcbantuelle,https://github.com/jcbantuelle,1
Sirius-A,https://github.com/Sirius-A,1
notpeter,https://github.com/notpeter,1
