username,url,count
deepak1556,https://github.com/deepak1556,231
preco21,https://github.com/preco21,79
MarshallOfSound,https://github.com/MarshallOfSound,78
hokein,https://github.com/hokein,63
felixrieseberg,https://github.com/felixrieseberg,63
paulcbetts,https://github.com/paulcbetts,48
etiktin,https://github.com/etiktin,37
tinydew4,https://github.com/tinydew4,36
miniak,https://github.com/miniak,35
codebytere,https://github.com/codebytere,32
jlord,https://github.com/jlord,31
poiru,https://github.com/poiru,28
tarruda,https://github.com/tarruda,25
alexeykuzmin,https://github.com/alexeykuzmin,22
danhp,https://github.com/danhp,22
brenca,https://github.com/brenca,22
alespergl,https://github.com/alespergl,19
bengotow,https://github.com/bengotow,14
liusy182,https://github.com/liusy182,14
enlight,https://github.com/enlight,14
CharlieHess,https://github.com/CharlieHess,14
gerhardberger,https://github.com/gerhardberger,13
yamatoya,https://github.com/yamatoya,13
juturu,https://github.com/juturu,11
runinspring,https://github.com/runinspring,10
ghost,https://github.com/ghost,10
arturts,https://github.com/arturts,9
oukan,https://github.com/oukan,9
Stone-Jay,https://github.com/Stone-Jay,9
thompsonemerson,https://github.com/thompsonemerson,9
leethomas,https://github.com/leethomas,9
stevekinney,https://github.com/stevekinney,8
yuya-oc,https://github.com/yuya-oc,8
demopark,https://github.com/demopark,8
fplucas,https://github.com/fplucas,8
qazbnm456,https://github.com/qazbnm456,8
lukeapage,https://github.com/lukeapage,8
samccone,https://github.com/samccone,7
alexstrat,https://github.com/alexstrat,7
dongjoon-hyun,https://github.com/dongjoon-hyun,7
mnquintana,https://github.com/mnquintana,7
jhen0409,https://github.com/jhen0409,7
seanchas116,https://github.com/seanchas116,7
shubham2892,https://github.com/shubham2892,7
WuglyakBolgoink,https://github.com/WuglyakBolgoink,6
pfrazee,https://github.com/pfrazee,6
vsemozhetbyt,https://github.com/vsemozhetbyt,6
evgenyzinoviev,https://github.com/evgenyzinoviev,6
sairoutine,https://github.com/sairoutine,6
mrxf,https://github.com/mrxf,6
nishanths,https://github.com/nishanths,6
kcrt,https://github.com/kcrt,6
Toinane,https://github.com/Toinane,6
bbondy,https://github.com/bbondy,6
sethlu,https://github.com/sethlu,5
xfq,https://github.com/xfq,5
leftstick,https://github.com/leftstick,5
bridiver,https://github.com/bridiver,5
tommoor,https://github.com/tommoor,5
John-Lin,https://github.com/John-Lin,5
excfergodst,https://github.com/excfergodst,5
TiagoDanin,https://github.com/TiagoDanin,5
darkdh,https://github.com/darkdh,5
ragingwind,https://github.com/ragingwind,5
kokdemo,https://github.com/kokdemo,5
nekuz0r,https://github.com/nekuz0r,5
christoth,https://github.com/christoth,4
rhysd,https://github.com/rhysd,4
mcizol,https://github.com/mcizol,4
joaomoreno,https://github.com/joaomoreno,4
him2him2,https://github.com/him2him2,4
malept,https://github.com/malept,4
cifratila,https://github.com/cifratila,4
bpasero,https://github.com/bpasero,4
magicae,https://github.com/magicae,4
igorklopov,https://github.com/igorklopov,4
adam-lynch,https://github.com/adam-lynch,4
rogerlista,https://github.com/rogerlista,4
frankhale,https://github.com/frankhale,4
rreimann,https://github.com/rreimann,4
djpereira,https://github.com/djpereira,3
scycbx,https://github.com/scycbx,3
robinwassen,https://github.com/robinwassen,3
MichaelVasseur,https://github.com/MichaelVasseur,3
jwheare,https://github.com/jwheare,3
leo,https://github.com/leo,3
bsclifton,https://github.com/bsclifton,3
Gaserd,https://github.com/Gaserd,3
Mr0grog,https://github.com/Mr0grog,3
fscherwi,https://github.com/fscherwi,3
ferreus,https://github.com/ferreus,3
davej,https://github.com/davej,3
tonyganch,https://github.com/tonyganch,3
jviotti,https://github.com/jviotti,3
matttbe,https://github.com/matttbe,3
x-yao,https://github.com/x-yao,3
dittos,https://github.com/dittos,3
cornedor,https://github.com/cornedor,3
petrfelzmann,https://github.com/petrfelzmann,3
adill,https://github.com/adill,3
princejwesley,https://github.com/princejwesley,3
SeriousM,https://github.com/SeriousM,3
Subash,https://github.com/Subash,3
GregMefford,https://github.com/GregMefford,3
develar,https://github.com/develar,3
arifcakiroglu,https://github.com/arifcakiroglu,3
omrilitov,https://github.com/omrilitov,3
Menci,https://github.com/Menci,3
sindresorhus,https://github.com/sindresorhus,3
ramya-rao-a,https://github.com/ramya-rao-a,3
IonicaBizau,https://github.com/IonicaBizau,3
maxogden,https://github.com/maxogden,3
javan,https://github.com/javan,3
UsabilityEtc,https://github.com/UsabilityEtc,3
Mingling94,https://github.com/Mingling94,3
j5a,https://github.com/j5a,3
levrik,https://github.com/levrik,3
timruffles,https://github.com/timruffles,3
jonatasfreitasv,https://github.com/jonatasfreitasv,3
fab1an,https://github.com/fab1an,3
apoco,https://github.com/apoco,2
kirkouimet,https://github.com/kirkouimet,2
iamsingla9,https://github.com/iamsingla9,2
yamgent,https://github.com/yamgent,2
rprichard,https://github.com/rprichard,2
matiasinsaurralde,https://github.com/matiasinsaurralde,2
ArekSredzki,https://github.com/ArekSredzki,2
nekolab,https://github.com/nekolab,2
Rafaelgfirmino,https://github.com/Rafaelgfirmino,2
Raul6469,https://github.com/Raul6469,2
gabriel,https://github.com/gabriel,2
feross,https://github.com/feross,2
everblut,https://github.com/everblut,2
jaanus,https://github.com/jaanus,2
amtj,https://github.com/amtj,2
Mossop,https://github.com/Mossop,2
50Wliu,https://github.com/50Wliu,2
zephyrzoom,https://github.com/zephyrzoom,2
cdaringe,https://github.com/cdaringe,2
duncup,https://github.com/duncup,2
danburzo,https://github.com/danburzo,2
yaotti,https://github.com/yaotti,2
baconbrad,https://github.com/baconbrad,2
fengmk2,https://github.com/fengmk2,2
niedzielski,https://github.com/niedzielski,2
crilleengvall,https://github.com/crilleengvall,2
vaartis,https://github.com/vaartis,2
mattdesl,https://github.com/mattdesl,2
MaxGraey,https://github.com/MaxGraey,2
dougnukem,https://github.com/dougnukem,2
sdj01044,https://github.com/sdj01044,2
mst128256,https://github.com/mst128256,2
ShiningRay,https://github.com/ShiningRay,2
PierBover,https://github.com/PierBover,2
appetizermonster,https://github.com/appetizermonster,2
the-ress,https://github.com/the-ress,2
destan,https://github.com/destan,2
xxczaki,https://github.com/xxczaki,2
astoilkov,https://github.com/astoilkov,2
ggamel,https://github.com/ggamel,2
mgc,https://github.com/mgc,2
toonborgers,https://github.com/toonborgers,2
banyudu,https://github.com/banyudu,2
NKMR6194,https://github.com/NKMR6194,2
soh1988,https://github.com/soh1988,2
ColinEberhardt,https://github.com/ColinEberhardt,2
GoooIce,https://github.com/GoooIce,2
pra85,https://github.com/pra85,2
aaronang,https://github.com/aaronang,2
roramirez,https://github.com/roramirez,2
cesine,https://github.com/cesine,2
kramerc,https://github.com/kramerc,2
fritx,https://github.com/fritx,2
LuisHsu,https://github.com/LuisHsu,2
twolfson,https://github.com/twolfson,2
bundyo,https://github.com/bundyo,2
herrmannplatz,https://github.com/herrmannplatz,2
wujingke,https://github.com/wujingke,2
YurySolovyov,https://github.com/YurySolovyov,2
lucidogen,https://github.com/lucidogen,2
fbukevin,https://github.com/fbukevin,2
avdg,https://github.com/avdg,2
samueleaton,https://github.com/samueleaton,2
Rokt33r,https://github.com/Rokt33r,2
wayne-kim,https://github.com/wayne-kim,2
Hum4n01d,https://github.com/Hum4n01d,2
danielma,https://github.com/danielma,2
HR,https://github.com/HR,2
sotayamashita,https://github.com/sotayamashita,2
mauriciofauth,https://github.com/mauriciofauth,2
22222,https://github.com/22222,2
renaesop,https://github.com/renaesop,2
devjin0617,https://github.com/devjin0617,2
aliib,https://github.com/aliib,2
haobingwang,https://github.com/haobingwang,2
ajmacd,https://github.com/ajmacd,2
rafaelstz,https://github.com/rafaelstz,2
salomvary,https://github.com/salomvary,2
watilde,https://github.com/watilde,2
vreality64,https://github.com/vreality64,2
huangruichang,https://github.com/huangruichang,2
kaylanm,https://github.com/kaylanm,2
ahmedmohamedali,https://github.com/ahmedmohamedali,2
Ajeey,https://github.com/Ajeey,1
mawie81,https://github.com/mawie81,1
brentertz,https://github.com/brentertz,1
julianengel,https://github.com/julianengel,1
mhkeller,https://github.com/mhkeller,1
raybooysen,https://github.com/raybooysen,1
alexanderneu,https://github.com/alexanderneu,1
pedro,https://github.com/pedro,1
stefanbuck,https://github.com/stefanbuck,1
weiway,https://github.com/weiway,1
thanpolas,https://github.com/thanpolas,1
ovo4096,https://github.com/ovo4096,1
marksamman,https://github.com/marksamman,1
lucaslopes,https://github.com/lucaslopes,1
vQuagliaro,https://github.com/vQuagliaro,1
saghul,https://github.com/saghul,1
TechnicalSoup,https://github.com/TechnicalSoup,1
drewchandler,https://github.com/drewchandler,1
poppinlp,https://github.com/poppinlp,1
calmandniceperson,https://github.com/calmandniceperson,1
sryze,https://github.com/sryze,1
statico,https://github.com/statico,1
insideGen,https://github.com/insideGen,1
mike-engel,https://github.com/mike-engel,1
Golasowski,https://github.com/Golasowski,1
skhameneh,https://github.com/skhameneh,1
jcanaway,https://github.com/jcanaway,1
drulm,https://github.com/drulm,1
brianzelip,https://github.com/brianzelip,1
gunmetal313,https://github.com/gunmetal313,1
maxibanki,https://github.com/maxibanki,1
alopix,https://github.com/alopix,1
manosim,https://github.com/manosim,1
vitaliel,https://github.com/vitaliel,1
lurch,https://github.com/lurch,1
ysagal,https://github.com/ysagal,1
bhargavrpatel,https://github.com/bhargavrpatel,1
kewde,https://github.com/kewde,1
oktapodia,https://github.com/oktapodia,1
lukewestby,https://github.com/lukewestby,1
alexwhitman,https://github.com/alexwhitman,1
adammeyer,https://github.com/adammeyer,1
BobCochran,https://github.com/BobCochran,1
odensc,https://github.com/odensc,1
LittleboyHarry,https://github.com/LittleboyHarry,1
dataich,https://github.com/dataich,1
sqrthree,https://github.com/sqrthree,1
Geo1088,https://github.com/Geo1088,1
akameco,https://github.com/akameco,1
bjrmatos,https://github.com/bjrmatos,1
seppestas,https://github.com/seppestas,1
fbrinker,https://github.com/fbrinker,1
squarejaw,https://github.com/squarejaw,1
octref,https://github.com/octref,1
patr0nus,https://github.com/patr0nus,1
lockys,https://github.com/lockys,1
j3l11234,https://github.com/j3l11234,1
RobberPhex,https://github.com/RobberPhex,1
simast,https://github.com/simast,1
Arcath,https://github.com/Arcath,1
thedaniel,https://github.com/thedaniel,1
alexgleason,https://github.com/alexgleason,1
schwalbe10,https://github.com/schwalbe10,1
chriswmercer,https://github.com/chriswmercer,1
krainboltgreene,https://github.com/krainboltgreene,1
jdfwarrior,https://github.com/jdfwarrior,1
dalabarge,https://github.com/dalabarge,1
rmcdonald,https://github.com/rmcdonald,1
vivensio,https://github.com/vivensio,1
psh0628,https://github.com/psh0628,1
EthianWong,https://github.com/EthianWong,1
tiagotol,https://github.com/tiagotol,1
ArtskydJ,https://github.com/ArtskydJ,1
FWeinb,https://github.com/FWeinb,1
babanesma,https://github.com/babanesma,1
gzuidhof,https://github.com/gzuidhof,1
abdihaikal,https://github.com/abdihaikal,1
m1guelpf,https://github.com/m1guelpf,1
jotafeldmann,https://github.com/jotafeldmann,1
John2143,https://github.com/John2143,1
AndrewTsao,https://github.com/AndrewTsao,1
joshmarinacci,https://github.com/joshmarinacci,1
jublo,https://github.com/jublo,1
ssdong,https://github.com/ssdong,1
arniu,https://github.com/arniu,1
ArisLittle,https://github.com/ArisLittle,1
rhedshi,https://github.com/rhedshi,1
draivin,https://github.com/draivin,1
t-hofmann,https://github.com/t-hofmann,1
hinaria,https://github.com/hinaria,1
revi,https://github.com/revi,1
kyokutyo,https://github.com/kyokutyo,1
Vehemos,https://github.com/Vehemos,1
bsuh,https://github.com/bsuh,1
Dorian,https://github.com/Dorian,1
Pym,https://github.com/Pym,1
sbannigan,https://github.com/sbannigan,1
sitdh,https://github.com/sitdh,1
Haraldson,https://github.com/Haraldson,1
TomKaltz,https://github.com/TomKaltz,1
vHanda,https://github.com/vHanda,1
acburdine,https://github.com/acburdine,1
craigshoemaker,https://github.com/craigshoemaker,1
yunzhenhuan,https://github.com/yunzhenhuan,1
jhiggins-thrillist,https://github.com/jhiggins-thrillist,1
losnake,https://github.com/losnake,1
patrickdet,https://github.com/patrickdet,1
michal1106,https://github.com/michal1106,1
alex-sherwin,https://github.com/alex-sherwin,1
greggman,https://github.com/greggman,1
serant,https://github.com/serant,1
scotttrinh,https://github.com/scotttrinh,1
zachflower,https://github.com/zachflower,1
billyct,https://github.com/billyct,1
thomastuts,https://github.com/thomastuts,1
BraveNewMath,https://github.com/BraveNewMath,1
joshuabenuck,https://github.com/joshuabenuck,1
Crocmagnon,https://github.com/Crocmagnon,1
teiles,https://github.com/teiles,1
brunoqueiros,https://github.com/brunoqueiros,1
morris-stock,https://github.com/morris-stock,1
iamkun,https://github.com/iamkun,1
kiavashps,https://github.com/kiavashps,1
mal,https://github.com/mal,1
Casimodo,https://github.com/Casimodo,1
RevoluPowered,https://github.com/RevoluPowered,1
vaenow,https://github.com/vaenow,1
lazaruslarue,https://github.com/lazaruslarue,1
mafintosh,https://github.com/mafintosh,1
laiso,https://github.com/laiso,1
crowchirp,https://github.com/crowchirp,1
ungoldman,https://github.com/ungoldman,1
atdrago,https://github.com/atdrago,1
pocorschi,https://github.com/pocorschi,1
stanfieldr,https://github.com/stanfieldr,1
kostia,https://github.com/kostia,1
bnvk,https://github.com/bnvk,1
kevinsimper,https://github.com/kevinsimper,1
orderedlist,https://github.com/orderedlist,1
nikarc,https://github.com/nikarc,1
kstar0714,https://github.com/kstar0714,1
hankbao,https://github.com/hankbao,1
yibuyisheng,https://github.com/yibuyisheng,1
andykog,https://github.com/andykog,1
jprichardson,https://github.com/jprichardson,1
ellerbrock,https://github.com/ellerbrock,1
rxon,https://github.com/rxon,1
bigtimebuddy,https://github.com/bigtimebuddy,1
tomfloyer,https://github.com/tomfloyer,1
ldehai,https://github.com/ldehai,1
evlogii,https://github.com/evlogii,1
jin5354,https://github.com/jin5354,1
Ingramz,https://github.com/Ingramz,1
sprintr,https://github.com/sprintr,1
Gryff,https://github.com/Gryff,1
thingsinjars,https://github.com/thingsinjars,1
tom-james-watson,https://github.com/tom-james-watson,1
shokmaster,https://github.com/shokmaster,1
haadcode,https://github.com/haadcode,1
ivmirx,https://github.com/ivmirx,1
kylecorry31,https://github.com/kylecorry31,1
orzFly,https://github.com/orzFly,1
r0fls,https://github.com/r0fls,1
wilsonpage,https://github.com/wilsonpage,1
Spacetech,https://github.com/Spacetech,1
calidion,https://github.com/calidion,1
abouthiroppy,https://github.com/abouthiroppy,1
lgalabru,https://github.com/lgalabru,1
MagiCarbon,https://github.com/MagiCarbon,1
mbarthelemy,https://github.com/mbarthelemy,1
ColMugX,https://github.com/ColMugX,1
ialexryan,https://github.com/ialexryan,1
Tribex,https://github.com/Tribex,1
Godoy,https://github.com/Godoy,1
WenryXu,https://github.com/WenryXu,1
mattslay,https://github.com/mattslay,1
frewsxcv,https://github.com/frewsxcv,1
SLiNv,https://github.com/SLiNv,1
j13z,https://github.com/j13z,1
deed02392,https://github.com/deed02392,1
hdwong,https://github.com/hdwong,1
Starefossen,https://github.com/Starefossen,1
ttilley,https://github.com/ttilley,1
hugomano,https://github.com/hugomano,1
OctoHuman,https://github.com/OctoHuman,1
mikoto2000,https://github.com/mikoto2000,1
dashersw,https://github.com/dashersw,1
kyku,https://github.com/kyku,1
DustinX,https://github.com/DustinX,1
lisurc,https://github.com/lisurc,1
flying-sheep,https://github.com/flying-sheep,1
solinium,https://github.com/solinium,1
chadluo,https://github.com/chadluo,1
liuderchi,https://github.com/liuderchi,1
EnterTheNameHere,https://github.com/EnterTheNameHere,1
xaverh,https://github.com/xaverh,1
carsonmcdonald,https://github.com/carsonmcdonald,1
michaelzoidl,https://github.com/michaelzoidl,1
sneakypete81,https://github.com/sneakypete81,1
elvongray,https://github.com/elvongray,1
rahatarmanahmed,https://github.com/rahatarmanahmed,1
RIAEvangelist,https://github.com/RIAEvangelist,1
AdrienFery,https://github.com/AdrienFery,1
bwin,https://github.com/bwin,1
matt-way,https://github.com/matt-way,1
rhencke,https://github.com/rhencke,1
Kushagra8888,https://github.com/Kushagra8888,1
mjudd,https://github.com/mjudd,1
hrubilov,https://github.com/hrubilov,1
bureken,https://github.com/bureken,1
campersau,https://github.com/campersau,1
dalinaum,https://github.com/dalinaum,1
gregnolle,https://github.com/gregnolle,1
dakira,https://github.com/dakira,1
jiaz,https://github.com/jiaz,1
lgeiger,https://github.com/lgeiger,1
bowbowbow,https://github.com/bowbowbow,1
guatedude2,https://github.com/guatedude2,1
Joshua-Anderson,https://github.com/Joshua-Anderson,1
Rosey,https://github.com/Rosey,1
arusakov,https://github.com/arusakov,1
KevinRamsunder,https://github.com/KevinRamsunder,1
amor520,https://github.com/amor520,1
andens,https://github.com/andens,1
Alex-D,https://github.com/Alex-D,1
BenV,https://github.com/BenV,1
ericbrumer,https://github.com/ericbrumer,1
PButcher,https://github.com/PButcher,1
ecmadao,https://github.com/ecmadao,1
kanemontreuil,https://github.com/kanemontreuil,1
as3boyan,https://github.com/as3boyan,1
neilstuartcraig,https://github.com/neilstuartcraig,1
lovemyliwu,https://github.com/lovemyliwu,1
SudarAbisheck,https://github.com/SudarAbisheck,1
yuit,https://github.com/yuit,1
erkyrath,https://github.com/erkyrath,1
renatoalencar,https://github.com/renatoalencar,1
anthonyryan1,https://github.com/anthonyryan1,1
alexwarren,https://github.com/alexwarren,1
chicoxyzzy,https://github.com/chicoxyzzy,1
chris-ls,https://github.com/chris-ls,1
be5invis,https://github.com/be5invis,1
TheDancingCode,https://github.com/TheDancingCode,1
awaigand,https://github.com/awaigand,1
sunaiwen,https://github.com/sunaiwen,1
hughsk,https://github.com/hughsk,1
bcomnes,https://github.com/bcomnes,1
mattotodd,https://github.com/mattotodd,1
nicmitchell,https://github.com/nicmitchell,1
mattlyons0,https://github.com/mattlyons0,1
joe-re,https://github.com/joe-re,1
josephfrazier,https://github.com/josephfrazier,1
wearhere,https://github.com/wearhere,1
ffdd,https://github.com/ffdd,1
rafbm,https://github.com/rafbm,1
menq,https://github.com/menq,1
Cfeusier,https://github.com/Cfeusier,1
jessegrosjean,https://github.com/jessegrosjean,1
takashi,https://github.com/takashi,1
gioggio,https://github.com/gioggio,1
darwin,https://github.com/darwin,1
austinmoore-,https://github.com/austinmoore-,1
fraserxu,https://github.com/fraserxu,1
kant2002,https://github.com/kant2002,1
kevva,https://github.com/kevva,1
diegowifi,https://github.com/diegowifi,1
ChangJoo-Park,https://github.com/ChangJoo-Park,1
rsezille,https://github.com/rsezille,1
CGamesPlay,https://github.com/CGamesPlay,1
LShun,https://github.com/LShun,1
janwiemers,https://github.com/janwiemers,1
learningjs,https://github.com/learningjs,1
lauracpierre,https://github.com/lauracpierre,1
guillaumeguerin,https://github.com/guillaumeguerin,1
kanatapple,https://github.com/kanatapple,1
LeMoussel,https://github.com/LeMoussel,1
beardicus,https://github.com/beardicus,1
SimplyAhmazing,https://github.com/SimplyAhmazing,1
wangdashuaihenshuai,https://github.com/wangdashuaihenshuai,1
tcyrus,https://github.com/tcyrus,1
Wolfer,https://github.com/Wolfer,1
geoff-codes,https://github.com/geoff-codes,1
dharders,https://github.com/dharders,1
alexandrubau,https://github.com/alexandrubau,1
tensor5,https://github.com/tensor5,1
flaub,https://github.com/flaub,1
Gerhut,https://github.com/Gerhut,1
leemac,https://github.com/leemac,1
thorbenegberts,https://github.com/thorbenegberts,1
sauber92,https://github.com/sauber92,1
swashcap,https://github.com/swashcap,1
brandoncash,https://github.com/brandoncash,1
omo,https://github.com/omo,1
vitorgalvao,https://github.com/vitorgalvao,1
lsegal,https://github.com/lsegal,1
caibirdme,https://github.com/caibirdme,1
muryoimpl,https://github.com/muryoimpl,1
commadelimited,https://github.com/commadelimited,1
yoshuawuyts,https://github.com/yoshuawuyts,1
dmnlk,https://github.com/dmnlk,1
senorflor,https://github.com/senorflor,1
owais,https://github.com/owais,1
numaanashraf,https://github.com/numaanashraf,1
eddiezane,https://github.com/eddiezane,1
anhulife,https://github.com/anhulife,1
nickytonline,https://github.com/nickytonline,1
quicksnap,https://github.com/quicksnap,1
wlbentley,https://github.com/wlbentley,1
philwyett-hemi,https://github.com/philwyett-hemi,1
feserafim,https://github.com/feserafim,1
jnugh,https://github.com/jnugh,1
tylergibson,https://github.com/tylergibson,1
pedrro,https://github.com/pedrro,1
duswlsgur,https://github.com/duswlsgur,1
wgrafael,https://github.com/wgrafael,1
Rastaban,https://github.com/Rastaban,1
maxcnunes,https://github.com/maxcnunes,1
fdelayen,https://github.com/fdelayen,1
johangp,https://github.com/johangp,1
sonnyp,https://github.com/sonnyp,1
clevertonh,https://github.com/clevertonh,1
antoinepairet,https://github.com/antoinepairet,1
blainesch,https://github.com/blainesch,1
LartSimZ,https://github.com/LartSimZ,1
weakish,https://github.com/weakish,1
TJkrusinski,https://github.com/TJkrusinski,1
ylaassel,https://github.com/ylaassel,1
jasssonpet,https://github.com/jasssonpet,1
paulyoung,https://github.com/paulyoung,1
Tyriar,https://github.com/Tyriar,1
amitmerchant1990,https://github.com/amitmerchant1990,1
Anatzum,https://github.com/Anatzum,1
lygstate,https://github.com/lygstate,1
roadev,https://github.com/roadev,1
shama,https://github.com/shama,1
ankitaggarwal011,https://github.com/ankitaggarwal011,1
kainjow,https://github.com/kainjow,1
tomashanacek,https://github.com/tomashanacek,1
robbix1206,https://github.com/robbix1206,1
LaurentLeVan,https://github.com/LaurentLeVan,1
bendrucker,https://github.com/bendrucker,1
odedhb,https://github.com/odedhb,1
pborreli,https://github.com/pborreli,1
aichingm,https://github.com/aichingm,1
Navgeet,https://github.com/Navgeet,1
veleek,https://github.com/veleek,1
joeydlee95,https://github.com/joeydlee95,1
x87,https://github.com/x87,1
radarhere,https://github.com/radarhere,1
fasterthanlime,https://github.com/fasterthanlime,1
springmeyer,https://github.com/springmeyer,1
sergeybekrin,https://github.com/sergeybekrin,1
ReadmeCritic,https://github.com/ReadmeCritic,1
JimiC,https://github.com/JimiC,1
TasukuUno,https://github.com/TasukuUno,1
primalmotion,https://github.com/primalmotion,1
tejaspathak,https://github.com/tejaspathak,1
rafaelnobrepd,https://github.com/rafaelnobrepd,1
andrewda,https://github.com/andrewda,1
paulinaika,https://github.com/paulinaika,1
MrSurly,https://github.com/MrSurly,1
templateK,https://github.com/templateK,1
anshao,https://github.com/anshao,1
CoolOppo,https://github.com/CoolOppo,1
HAMIDx9,https://github.com/HAMIDx9,1
p-jackson,https://github.com/p-jackson,1
shunkit,https://github.com/shunkit,1
emmkimme,https://github.com/emmkimme,1
khornberg,https://github.com/khornberg,1
christian-bromann,https://github.com/christian-bromann,1
xaviergonz,https://github.com/xaviergonz,1
HayateLaTech,https://github.com/HayateLaTech,1
shainnif,https://github.com/shainnif,1
jeffdm,https://github.com/jeffdm,1
hashedhyphen,https://github.com/hashedhyphen,1
aluxian,https://github.com/aluxian,1
gmr,https://github.com/gmr,1
mmastrac,https://github.com/mmastrac,1
mariozaizar,https://github.com/mariozaizar,1
osanyin,https://github.com/osanyin,1
johnhaley81,https://github.com/johnhaley81,1
waywardmonkeys,https://github.com/waywardmonkeys,1
Siilwyn,https://github.com/Siilwyn,1
sk2,https://github.com/sk2,1
josimi,https://github.com/josimi,1
akost,https://github.com/akost,1
federicobond,https://github.com/federicobond,1
popod,https://github.com/popod,1
parro-it,https://github.com/parro-it,1
nuriu,https://github.com/nuriu,1
jrehbein,https://github.com/jrehbein,1
paulatbipsync,https://github.com/paulatbipsync,1
envygeeks,https://github.com/envygeeks,1
zombieleet,https://github.com/zombieleet,1
jpittner,https://github.com/jpittner,1
wan-qy,https://github.com/wan-qy,1
TanninOne,https://github.com/TanninOne,1
Ikana,https://github.com/Ikana,1
markwylde,https://github.com/markwylde,1
sourenaraya,https://github.com/sourenaraya,1
suryast,https://github.com/suryast,1
PeterDaveHello,https://github.com/PeterDaveHello,1
neutrous,https://github.com/neutrous,1
adambuckland,https://github.com/adambuckland,1
robertlyall,https://github.com/robertlyall,1
omerfarukozdemir,https://github.com/omerfarukozdemir,1
syohex,https://github.com/syohex,1
island205,https://github.com/island205,1
nitsakh,https://github.com/nitsakh,1
dengyaolong,https://github.com/dengyaolong,1
TingPing,https://github.com/TingPing,1
lukeadams,https://github.com/lukeadams,1
Ivshti,https://github.com/Ivshti,1
robertfirespotter,https://github.com/robertfirespotter,1
kyo-ago,https://github.com/kyo-ago,1
tsekityam,https://github.com/tsekityam,1
zicai,https://github.com/zicai,1
njbmartin,https://github.com/njbmartin,1
hansrwindhoff,https://github.com/hansrwindhoff,1
importcjj,https://github.com/importcjj,1
cesarandreu,https://github.com/cesarandreu,1
czipperz,https://github.com/czipperz,1
adamkidder,https://github.com/adamkidder,1
minggo,https://github.com/minggo,1
geelen,https://github.com/geelen,1
markisadesignerd,https://github.com/markisadesignerd,1
0xbrt,https://github.com/0xbrt,1
lepinay,https://github.com/lepinay,1
ritazh,https://github.com/ritazh,1
samthomson,https://github.com/samthomson,1
diracdeltas,https://github.com/diracdeltas,1
simonmysun,https://github.com/simonmysun,1
OuYancey,https://github.com/OuYancey,1
LasseJacobs,https://github.com/LasseJacobs,1
Yarkhan,https://github.com/Yarkhan,1
maxbeatty,https://github.com/maxbeatty,1
timfish,https://github.com/timfish,1
hongrich,https://github.com/hongrich,1
SamyPesse,https://github.com/SamyPesse,1
Meyito,https://github.com/Meyito,1
HanaeKae,https://github.com/HanaeKae,1
dpatou,https://github.com/dpatou,1
DanTheMan827,https://github.com/DanTheMan827,1
KagamiChan,https://github.com/KagamiChan,1
ccnokes,https://github.com/ccnokes,1
vasumahesh1,https://github.com/vasumahesh1,1
MathieuDebit,https://github.com/MathieuDebit,1
madarche,https://github.com/madarche,1
wolfgang42,https://github.com/wolfgang42,1
geoff-addepar,https://github.com/geoff-addepar,1
hansenzhang,https://github.com/hansenzhang,1
nabeelomer,https://github.com/nabeelomer,1
makerGeek,https://github.com/makerGeek,1
brianfajardo,https://github.com/brianfajardo,1
romankl,https://github.com/romankl,1
vprasanth,https://github.com/vprasanth,1
megahertz,https://github.com/megahertz,1
juanpaulo,https://github.com/juanpaulo,1
nuivall,https://github.com/nuivall,1
k0kubun,https://github.com/k0kubun,1
sergeysova,https://github.com/sergeysova,1
ArcticZeroo,https://github.com/ArcticZeroo,1
jonathansampson,https://github.com/jonathansampson,1
tengyifei,https://github.com/tengyifei,1
jeroenvisser101,https://github.com/jeroenvisser101,1
Vj3k0,https://github.com/Vj3k0,1
kirly-af,https://github.com/kirly-af,1
fierroformo,https://github.com/fierroformo,1
doraeric,https://github.com/doraeric,1
ThaddeusJiang,https://github.com/ThaddeusJiang,1
Nirmal4G,https://github.com/Nirmal4G,1
ajsb85,https://github.com/ajsb85,1
KevinMartin,https://github.com/KevinMartin,1
batjko,https://github.com/batjko,1
hamxiaoz,https://github.com/hamxiaoz,1
teleclimber,https://github.com/teleclimber,1
dumconstantin,https://github.com/dumconstantin,1
VarunAgw,https://github.com/VarunAgw,1
ZhangYueqiu,https://github.com/ZhangYueqiu,1
thomasjfox1,https://github.com/thomasjfox1,1
