username,url,count
arfon,https://github.com/arfon,268
pchaigno,https://github.com/pchaigno,176
Alhadis,https://github.com/Alhadis,61
aroben,https://github.com/aroben,58
larsbrinkhoff,https://github.com/larsbrinkhoff,51
tnm,https://github.com/tnm,18
ghost,https://github.com/ghost,14
brandonblack,https://github.com/brandonblack,10
rick,https://github.com/rick,9
sahildua2305,https://github.com/sahildua2305,8
smola,https://github.com/smola,7
alindeman,https://github.com/alindeman,6
keplersj,https://github.com/keplersj,6
sebgod,https://github.com/sebgod,5
vszakats,https://github.com/vszakats,5
hkdobrev,https://github.com/hkdobrev,5
rkoeninger,https://github.com/rkoeninger,5
fingolfin,https://github.com/fingolfin,5
bfontaine,https://github.com/bfontaine,4
nwhetsell,https://github.com/nwhetsell,4
Mailaender,https://github.com/Mailaender,4
jamesqo,https://github.com/jamesqo,4
floscher,https://github.com/floscher,4
liluo,https://github.com/liluo,3
ntkme,https://github.com/ntkme,3
meganemura,https://github.com/meganemura,3
mndrix,https://github.com/mndrix,3
relrod,https://github.com/relrod,3
kusma,https://github.com/kusma,3
Oldes,https://github.com/Oldes,3
abevoelker,https://github.com/abevoelker,3
pmoura,https://github.com/pmoura,3
williamd1k0,https://github.com/williamd1k0,3
phase,https://github.com/phase,3
stof,https://github.com/stof,3
rdeltour,https://github.com/rdeltour,3
paulcbetts,https://github.com/paulcbetts,3
tgjones,https://github.com/tgjones,3
ibnfirnas,https://github.com/ibnfirnas,3
hoelzro,https://github.com/hoelzro,3
christianbundy,https://github.com/christianbundy,3
Dominator008,https://github.com/Dominator008,3
jrha,https://github.com/jrha,3
vitaut,https://github.com/vitaut,3
danluu,https://github.com/danluu,3
SimenB,https://github.com/SimenB,3
tenbits,https://github.com/tenbits,3
zonuexe,https://github.com/zonuexe,2
dalehenrich,https://github.com/dalehenrich,2
thorade,https://github.com/thorade,2
chriskuehl,https://github.com/chriskuehl,2
stuartpb,https://github.com/stuartpb,2
woodruffw,https://github.com/woodruffw,2
jayphelps,https://github.com/jayphelps,2
edmundito,https://github.com/edmundito,2
Sharpie,https://github.com/Sharpie,2
wcandillon,https://github.com/wcandillon,2
NachoSoto,https://github.com/NachoSoto,2
seppestas,https://github.com/seppestas,2
hikari-no-yume,https://github.com/hikari-no-yume,2
Giacom,https://github.com/Giacom,2
leafo,https://github.com/leafo,2
nkt,https://github.com/nkt,2
liavt,https://github.com/liavt,2
AbigailBuccaneer,https://github.com/AbigailBuccaneer,2
HerbertKoelman,https://github.com/HerbertKoelman,2
jtbandes,https://github.com/jtbandes,2
BPScott,https://github.com/BPScott,2
thomasvandoren,https://github.com/thomasvandoren,2
alloy,https://github.com/alloy,2
meatballhat,https://github.com/meatballhat,2
scop,https://github.com/scop,2
javierhonduco,https://github.com/javierhonduco,2
emma-burrows,https://github.com/emma-burrows,2
Dorian,https://github.com/Dorian,2
edechter,https://github.com/edechter,2
sethvargo,https://github.com/sethvargo,2
lucaswerkmeister,https://github.com/lucaswerkmeister,2
Jaxan,https://github.com/Jaxan,2
softprops,https://github.com/softprops,2
lpil,https://github.com/lpil,2
bbarker,https://github.com/bbarker,2
carlosgaldino,https://github.com/carlosgaldino,2
lucky,https://github.com/lucky,2
earl,https://github.com/earl,2
samcv,https://github.com/samcv,2
Mikulas,https://github.com/Mikulas,2
miek,https://github.com/miek,2
lukaselmer,https://github.com/lukaselmer,2
spderosso,https://github.com/spderosso,2
blakeembrey,https://github.com/blakeembrey,2
aaronpuchert,https://github.com/aaronpuchert,2
myguidingstar-zz,https://github.com/myguidingstar-zz,2
garyb,https://github.com/garyb,2
sanssecours,https://github.com/sanssecours,2
jkeirstead,https://github.com/jkeirstead,2
kethomassen,https://github.com/kethomassen,2
jaxzin,https://github.com/jaxzin,2
ppannuto,https://github.com/ppannuto,2
arthurvr,https://github.com/arthurvr,2
andyli,https://github.com/andyli,2
danilaml,https://github.com/danilaml,2
DoctorWhoof,https://github.com/DoctorWhoof,2
jirutka,https://github.com/jirutka,2
graymalkin,https://github.com/graymalkin,2
beckje01,https://github.com/beckje01,2
ognevsky,https://github.com/ognevsky,2
erkyrath,https://github.com/erkyrath,2
R4PaSs,https://github.com/R4PaSs,2
NN---,https://github.com/NN---,2
ararslan,https://github.com/ararslan,2
iblech,https://github.com/iblech,2
maieul,https://github.com/maieul,2
josegonzalez,https://github.com/josegonzalez,2
tberman,https://github.com/tberman,2
StoneCypher,https://github.com/StoneCypher,2
aqnouch,https://github.com/aqnouch,1
zacstewart,https://github.com/zacstewart,1
strangewarp,https://github.com/strangewarp,1
shrayasr,https://github.com/shrayasr,1
cflee,https://github.com/cflee,1
wagenet,https://github.com/wagenet,1
chezwicker,https://github.com/chezwicker,1
lostcolony,https://github.com/lostcolony,1
igrigorik,https://github.com/igrigorik,1
joshterrell805,https://github.com/joshterrell805,1
rkirsling,https://github.com/rkirsling,1
BerkeleyTrue,https://github.com/BerkeleyTrue,1
mmullis,https://github.com/mmullis,1
ianmjones,https://github.com/ianmjones,1
r0man,https://github.com/r0man,1
scottclowe,https://github.com/scottclowe,1
rlsosborne,https://github.com/rlsosborne,1
bwestlin,https://github.com/bwestlin,1
wjk,https://github.com/wjk,1
MarcianoPreciado,https://github.com/MarcianoPreciado,1
scttnlsn,https://github.com/scttnlsn,1
wadetandy,https://github.com/wadetandy,1
tmcw,https://github.com/tmcw,1
AnthonyDGreen,https://github.com/AnthonyDGreen,1
peol,https://github.com/peol,1
mbdoud,https://github.com/mbdoud,1
lamestation,https://github.com/lamestation,1
matkoniecz,https://github.com/matkoniecz,1
s0meone,https://github.com/s0meone,1
hoosierEE,https://github.com/hoosierEE,1
mlrawlings,https://github.com/mlrawlings,1
oxan,https://github.com/oxan,1
gentoo90,https://github.com/gentoo90,1
zmanji,https://github.com/zmanji,1
dveeden,https://github.com/dveeden,1
bkerley,https://github.com/bkerley,1
akashivskyy,https://github.com/akashivskyy,1
thestinger,https://github.com/thestinger,1
adityam,https://github.com/adityam,1
ruben2020,https://github.com/ruben2020,1
wesdawg,https://github.com/wesdawg,1
waltherg,https://github.com/waltherg,1
ethanwhite,https://github.com/ethanwhite,1
sylvestre,https://github.com/sylvestre,1
CyberShadow,https://github.com/CyberShadow,1
SparkysWidgets,https://github.com/SparkysWidgets,1
cjdrake,https://github.com/cjdrake,1
kprevas,https://github.com/kprevas,1
matiasinsaurralde,https://github.com/matiasinsaurralde,1
le717,https://github.com/le717,1
Madsn,https://github.com/Madsn,1
flaviusb,https://github.com/flaviusb,1
danielgtaylor,https://github.com/danielgtaylor,1
stuarthalloway,https://github.com/stuarthalloway,1
mr-c,https://github.com/mr-c,1
Jaykul,https://github.com/Jaykul,1
hnryjms,https://github.com/hnryjms,1
jcazevedo,https://github.com/jcazevedo,1
sstephenson,https://github.com/sstephenson,1
tuzz,https://github.com/tuzz,1
elehcim,https://github.com/elehcim,1
eschulte,https://github.com/eschulte,1
thesave,https://github.com/thesave,1
BruceKnowsHow,https://github.com/BruceKnowsHow,1
mthadley,https://github.com/mthadley,1
seldridge,https://github.com/seldridge,1
nixel2007,https://github.com/nixel2007,1
redj,https://github.com/redj,1
rkh,https://github.com/rkh,1
PJB3005,https://github.com/PJB3005,1
DrItanium,https://github.com/DrItanium,1
ptrv,https://github.com/ptrv,1
Frigolit,https://github.com/Frigolit,1
kassi,https://github.com/kassi,1
ratherblue,https://github.com/ratherblue,1
afronski,https://github.com/afronski,1
jeabakker,https://github.com/jeabakker,1
jkutner,https://github.com/jkutner,1
johnjcamilleri,https://github.com/johnjcamilleri,1
lsf37,https://github.com/lsf37,1
davidaylaian,https://github.com/davidaylaian,1
brcooley,https://github.com/brcooley,1
Hardmath123,https://github.com/Hardmath123,1
jdf,https://github.com/jdf,1
lepture,https://github.com/lepture,1
greystate,https://github.com/greystate,1
rneatherway,https://github.com/rneatherway,1
rpavlick,https://github.com/rpavlick,1
codecat,https://github.com/codecat,1
rtomayko,https://github.com/rtomayko,1
wjlroe,https://github.com/wjlroe,1
cjllanwarne,https://github.com/cjllanwarne,1
elibarzilay,https://github.com/elibarzilay,1
wil93,https://github.com/wil93,1
miksen,https://github.com/miksen,1
tbodt,https://github.com/tbodt,1
jeffkreeftmeijer,https://github.com/jeffkreeftmeijer,1
killmous,https://github.com/killmous,1
gwadej,https://github.com/gwadej,1
Mouq,https://github.com/Mouq,1
timjb,https://github.com/timjb,1
aleksijuvani,https://github.com/aleksijuvani,1
MeirKriheli,https://github.com/MeirKriheli,1
felixphew,https://github.com/felixphew,1
developerinlondon,https://github.com/developerinlondon,1
ilovb,https://github.com/ilovb,1
trishume,https://github.com/trishume,1
jaredpetersen,https://github.com/jaredpetersen,1
MahmoudFayed,https://github.com/MahmoudFayed,1
mihneadb,https://github.com/mihneadb,1
klpn,https://github.com/klpn,1
yutannihilation,https://github.com/yutannihilation,1
zhensydow,https://github.com/zhensydow,1
sshirokov,https://github.com/sshirokov,1
paulmillr,https://github.com/paulmillr,1
hartsantler,https://github.com/hartsantler,1
seancoyne,https://github.com/seancoyne,1
thomshouse,https://github.com/thomshouse,1
maximusvladimir,https://github.com/maximusvladimir,1
ChimeraCoder,https://github.com/ChimeraCoder,1
wcpines,https://github.com/wcpines,1
jbrooksuk,https://github.com/jbrooksuk,1
remiprev,https://github.com/remiprev,1
DavidSkrundz,https://github.com/DavidSkrundz,1
natcl,https://github.com/natcl,1
supahgreg,https://github.com/supahgreg,1
computmaxer,https://github.com/computmaxer,1
jakepetroules,https://github.com/jakepetroules,1
zhemao,https://github.com/zhemao,1
borgified,https://github.com/borgified,1
kostko,https://github.com/kostko,1
reactormonk,https://github.com/reactormonk,1
meh,https://github.com/meh,1
Verteiron,https://github.com/Verteiron,1
fkg,https://github.com/fkg,1
mgalloy,https://github.com/mgalloy,1
othree,https://github.com/othree,1
jin,https://github.com/jin,1
goodmind,https://github.com/goodmind,1
Limess,https://github.com/Limess,1
choofie,https://github.com/choofie,1
ammaraskar,https://github.com/ammaraskar,1
mbezjak,https://github.com/mbezjak,1
tinnet,https://github.com/tinnet,1
gdi2290,https://github.com/gdi2290,1
amclain,https://github.com/amclain,1
binki,https://github.com/binki,1
dcmoore-gd,https://github.com/dcmoore-gd,1
thewilkybarkid,https://github.com/thewilkybarkid,1
thorn0,https://github.com/thorn0,1
quarterto,https://github.com/quarterto,1
DominikTo,https://github.com/DominikTo,1
brson,https://github.com/brson,1
GordonSmith,https://github.com/GordonSmith,1
rlidwka,https://github.com/rlidwka,1
calavera,https://github.com/calavera,1
mrorii,https://github.com/mrorii,1
jvanegmond,https://github.com/jvanegmond,1
joelparkerhenderson,https://github.com/joelparkerhenderson,1
cpojer,https://github.com/cpojer,1
rvanmil,https://github.com/rvanmil,1
jonsterling,https://github.com/jonsterling,1
jkrmr,https://github.com/jkrmr,1
rofl0r,https://github.com/rofl0r,1
pcantrell,https://github.com/pcantrell,1
cndreisbach,https://github.com/cndreisbach,1
askreet,https://github.com/askreet,1
jkrems,https://github.com/jkrems,1
vighnesh1987,https://github.com/vighnesh1987,1
eeue56,https://github.com/eeue56,1
sgallagher,https://github.com/sgallagher,1
sbisbee,https://github.com/sbisbee,1
brandonwamboldt,https://github.com/brandonwamboldt,1
ktdreyer,https://github.com/ktdreyer,1
JoshCheek,https://github.com/JoshCheek,1
trq,https://github.com/trq,1
philix,https://github.com/philix,1
webhat,https://github.com/webhat,1
midraed,https://github.com/midraed,1
vivekgalatage,https://github.com/vivekgalatage,1
rognierbenoit,https://github.com/rognierbenoit,1
svenefftinge,https://github.com/svenefftinge,1
thezim,https://github.com/thezim,1
untitaker,https://github.com/untitaker,1
Flyingmana,https://github.com/Flyingmana,1
cjxgm,https://github.com/cjxgm,1
MatthewFluet,https://github.com/MatthewFluet,1
iWader,https://github.com/iWader,1
thejameskyle,https://github.com/thejameskyle,1
archywilhes,https://github.com/archywilhes,1
tesch1,https://github.com/tesch1,1
kevinjalbert,https://github.com/kevinjalbert,1
deviantintegral,https://github.com/deviantintegral,1
lawrencewoodman,https://github.com/lawrencewoodman,1
nwolverson,https://github.com/nwolverson,1
JDutil,https://github.com/JDutil,1
chrisarcand,https://github.com/chrisarcand,1
robstoll,https://github.com/robstoll,1
zulus,https://github.com/zulus,1
multiprecision,https://github.com/multiprecision,1
robsimmons,https://github.com/robsimmons,1
rodjek,https://github.com/rodjek,1
MakeNowJust,https://github.com/MakeNowJust,1
laomaiweng,https://github.com/laomaiweng,1
olivergondza,https://github.com/olivergondza,1
hawkw,https://github.com/hawkw,1
moorepants,https://github.com/moorepants,1
abuiles,https://github.com/abuiles,1
REAS,https://github.com/REAS,1
xbony2,https://github.com/xbony2,1
horndude77,https://github.com/horndude77,1
a0viedo,https://github.com/a0viedo,1
dmoisset,https://github.com/dmoisset,1
jowido,https://github.com/jowido,1
techniq,https://github.com/techniq,1
DHowett,https://github.com/DHowett,1
dzidzitop,https://github.com/dzidzitop,1
ztmr,https://github.com/ztmr,1
Visgean,https://github.com/Visgean,1
PulsarBlow,https://github.com/PulsarBlow,1
danp,https://github.com/danp,1
MaickelHubner,https://github.com/MaickelHubner,1
MartinNowak,https://github.com/MartinNowak,1
yohny,https://github.com/yohny,1
fbonzon,https://github.com/fbonzon,1
Dadido3,https://github.com/Dadido3,1
jaaso,https://github.com/jaaso,1
sylveon,https://github.com/sylveon,1
radeksimko,https://github.com/radeksimko,1
sergeyklay,https://github.com/sergeyklay,1
roodboi,https://github.com/roodboi,1
lutoma,https://github.com/lutoma,1
db0company,https://github.com/db0company,1
Leushenko,https://github.com/Leushenko,1
frewsxcv,https://github.com/frewsxcv,1
evgenyneu,https://github.com/evgenyneu,1
rschiang,https://github.com/rschiang,1
akre54,https://github.com/akre54,1
yegortimoshenko,https://github.com/yegortimoshenko,1
bmeck,https://github.com/bmeck,1
edm00se,https://github.com/edm00se,1
berkerpeksag,https://github.com/berkerpeksag,1
tessarin,https://github.com/tessarin,1
uo-hrsys,https://github.com/uo-hrsys,1
dwarfland,https://github.com/dwarfland,1
phuicy,https://github.com/phuicy,1
robnewman,https://github.com/robnewman,1
shaneog,https://github.com/shaneog,1
tautologico,https://github.com/tautologico,1
AdamFerguson,https://github.com/AdamFerguson,1
mikepurvis,https://github.com/mikepurvis,1
yandy,https://github.com/yandy,1
j-jorge,https://github.com/j-jorge,1
Crissov,https://github.com/Crissov,1
aoetk,https://github.com/aoetk,1
horchler,https://github.com/horchler,1
lqez,https://github.com/lqez,1
orthopteroid,https://github.com/orthopteroid,1
freak4pc,https://github.com/freak4pc,1
fushnisoft,https://github.com/fushnisoft,1
Ziaw,https://github.com/Ziaw,1
PaulBone,https://github.com/PaulBone,1
xPaw,https://github.com/xPaw,1
samoht,https://github.com/samoht,1
mathewmariani,https://github.com/mathewmariani,1
DennisMcWherter,https://github.com/DennisMcWherter,1
timurb,https://github.com/timurb,1
imsys,https://github.com/imsys,1
cgranade,https://github.com/cgranade,1
ianamason,https://github.com/ianamason,1
munrocape,https://github.com/munrocape,1
JJ,https://github.com/JJ,1
CrimsonTautology,https://github.com/CrimsonTautology,1
joewiz,https://github.com/joewiz,1
veganstraightedge,https://github.com/veganstraightedge,1
ngn,https://github.com/ngn,1
kaendfinger,https://github.com/kaendfinger,1
stevex86,https://github.com/stevex86,1
jrnold,https://github.com/jrnold,1
Rolinh,https://github.com/Rolinh,1
Phineas,https://github.com/Phineas,1
bakkdoor,https://github.com/bakkdoor,1
aivus,https://github.com/aivus,1
arctic5,https://github.com/arctic5,1
zzet,https://github.com/zzet,1
oubiwann,https://github.com/oubiwann,1
techhat,https://github.com/techhat,1
yuya-takeyama,https://github.com/yuya-takeyama,1
grindhold,https://github.com/grindhold,1
semperos,https://github.com/semperos,1
michaelmior,https://github.com/michaelmior,1
Dav1dde,https://github.com/Dav1dde,1
aclements,https://github.com/aclements,1
briandela,https://github.com/briandela,1
sunaku,https://github.com/sunaku,1
Shan1024,https://github.com/Shan1024,1
cstrahan,https://github.com/cstrahan,1
lparenteau,https://github.com/lparenteau,1
hipikat,https://github.com/hipikat,1
Sheeo,https://github.com/Sheeo,1
glts,https://github.com/glts,1
neersighted,https://github.com/neersighted,1
jglick,https://github.com/jglick,1
dom96,https://github.com/dom96,1
c1phr,https://github.com/c1phr,1
GreatEmerald,https://github.com/GreatEmerald,1
rengolin,https://github.com/rengolin,1
afischer,https://github.com/afischer,1
nwellnhof,https://github.com/nwellnhof,1
jiyinyiyong,https://github.com/jiyinyiyong,1
simonwistow,https://github.com/simonwistow,1
Bartvds,https://github.com/Bartvds,1
tiwe-de,https://github.com/tiwe-de,1
sigurdsvela,https://github.com/sigurdsvela,1
scottmangiapane,https://github.com/scottmangiapane,1
scottjg,https://github.com/scottjg,1
oldmud0,https://github.com/oldmud0,1
evanmiller,https://github.com/evanmiller,1
pditommaso,https://github.com/pditommaso,1
MichaelGrafnetter,https://github.com/MichaelGrafnetter,1
utkarshkukreti,https://github.com/utkarshkukreti,1
bhuga,https://github.com/bhuga,1
nox,https://github.com/nox,1
waywardmonkeys,https://github.com/waywardmonkeys,1
avdg,https://github.com/avdg,1
andygrunwald,https://github.com/andygrunwald,1
talentdeficit,https://github.com/talentdeficit,1
windley,https://github.com/windley,1
mattn,https://github.com/mattn,1
MathBunny,https://github.com/MathBunny,1
jelder,https://github.com/jelder,1
upsuper,https://github.com/upsuper,1
sunderls,https://github.com/sunderls,1
waddlesplash,https://github.com/waddlesplash,1
qqshfox,https://github.com/qqshfox,1
ai,https://github.com/ai,1
deadfoxygrandpa,https://github.com/deadfoxygrandpa,1
bricker,https://github.com/bricker,1
mihaip,https://github.com/mihaip,1
kevmoo,https://github.com/kevmoo,1
thotypous,https://github.com/thotypous,1
danijar,https://github.com/danijar,1
WestleyArgentum,https://github.com/WestleyArgentum,1
BaiGang,https://github.com/BaiGang,1
drewcrawford,https://github.com/drewcrawford,1
brynary,https://github.com/brynary,1
pjhyett,https://github.com/pjhyett,1
mrmonday,https://github.com/mrmonday,1
ifarbod,https://github.com/ifarbod,1
seanupton,https://github.com/seanupton,1
alokedesai,https://github.com/alokedesai,1
acgetchell,https://github.com/acgetchell,1
CalebFenton,https://github.com/CalebFenton,1
alexruperez,https://github.com/alexruperez,1
mdespuits,https://github.com/mdespuits,1
zhuzhuor,https://github.com/zhuzhuor,1
wilg,https://github.com/wilg,1
richo,https://github.com/richo,1
baoshan,https://github.com/baoshan,1
vog,https://github.com/vog,1
aseemk,https://github.com/aseemk,1
aquileia,https://github.com/aquileia,1
unfunco,https://github.com/unfunco,1
alexweber,https://github.com/alexweber,1
creasty,https://github.com/creasty,1
cono,https://github.com/cono,1
abahgat,https://github.com/abahgat,1
yyx990803,https://github.com/yyx990803,1
mgdm,https://github.com/mgdm,1
mmhelloworld,https://github.com/mmhelloworld,1
davidabian,https://github.com/davidabian,1
justinyost,https://github.com/justinyost,1
ecere,https://github.com/ecere,1
claytononeill,https://github.com/claytononeill,1
pao,https://github.com/pao,1
ming13,https://github.com/ming13,1
natebrennand,https://github.com/natebrennand,1
KrauseFx,https://github.com/KrauseFx,1
jlord,https://github.com/jlord,1
joaquincasares,https://github.com/joaquincasares,1
Turbo87,https://github.com/Turbo87,1
akissinger,https://github.com/akissinger,1
juliangehring,https://github.com/juliangehring,1
HQ063,https://github.com/HQ063,1
anpar,https://github.com/anpar,1
rlespinasse,https://github.com/rlespinasse,1
chillum,https://github.com/chillum,1
rankida,https://github.com/rankida,1
fragmer,https://github.com/fragmer,1
greghendershott,https://github.com/greghendershott,1
JoshOldenburg,https://github.com/JoshOldenburg,1
standage,https://github.com/standage,1
kmaehashi,https://github.com/kmaehashi,1
FredrikL,https://github.com/FredrikL,1
siegy22,https://github.com/siegy22,1
Lazersmoke,https://github.com/Lazersmoke,1
hearsilent,https://github.com/hearsilent,1
johan,https://github.com/johan,1
kohenkatz,https://github.com/kohenkatz,1
menduz,https://github.com/menduz,1
metopa,https://github.com/metopa,1
snormore,https://github.com/snormore,1
dasmithii,https://github.com/dasmithii,1
refractalize,https://github.com/refractalize,1
tricknotes,https://github.com/tricknotes,1
Drup,https://github.com/Drup,1
c-lipka,https://github.com/c-lipka,1
FarbodSalamat-Zadeh,https://github.com/FarbodSalamat-Zadeh,1
jlec,https://github.com/jlec,1
vincentwoo,https://github.com/vincentwoo,1
matthew-white,https://github.com/matthew-white,1
leto,https://github.com/leto,1
mrego,https://github.com/mrego,1
cozos,https://github.com/cozos,1
egorzhdan,https://github.com/egorzhdan,1
jeffreykegler,https://github.com/jeffreykegler,1
gsmcwhirter,https://github.com/gsmcwhirter,1
adaedra,https://github.com/adaedra,1
jeanlouisboudart,https://github.com/jeanlouisboudart,1
KevinT,https://github.com/KevinT,1
shaunlebron,https://github.com/shaunlebron,1
DavidJFelix,https://github.com/DavidJFelix,1
ppwwyyxx,https://github.com/ppwwyyxx,1
baroquebobcat,https://github.com/baroquebobcat,1
whitten,https://github.com/whitten,1
rayvector,https://github.com/rayvector,1
albertlyu,https://github.com/albertlyu,1
lkuper,https://github.com/lkuper,1
pointwise,https://github.com/pointwise,1
maxogden,https://github.com/maxogden,1
astavale,https://github.com/astavale,1
geoff-codes,https://github.com/geoff-codes,1
Ryman,https://github.com/Ryman,1
akhtars,https://github.com/akhtars,1
freebroccolo,https://github.com/freebroccolo,1
jasonbot,https://github.com/jasonbot,1
honzabrecka,https://github.com/honzabrecka,1
Gozala,https://github.com/Gozala,1
LeonaMorro,https://github.com/LeonaMorro,1
adelcambre,https://github.com/adelcambre,1
earwig,https://github.com/earwig,1
prertik,https://github.com/prertik,1
tschf,https://github.com/tschf,1
hyperair,https://github.com/hyperair,1
faithanne,https://github.com/faithanne,1
atomicptr,https://github.com/atomicptr,1
russelldavis,https://github.com/russelldavis,1
alaingilbert,https://github.com/alaingilbert,1
Uberi,https://github.com/Uberi,1
jstrachan,https://github.com/jstrachan,1
joeyspin,https://github.com/joeyspin,1
oktapodia,https://github.com/oktapodia,1
drautb,https://github.com/drautb,1
TingPing,https://github.com/TingPing,1
ruv,https://github.com/ruv,1
KoffeinFlummi,https://github.com/KoffeinFlummi,1
NiklasRosenstein,https://github.com/NiklasRosenstein,1
alflanagan,https://github.com/alflanagan,1
alexlouden,https://github.com/alexlouden,1
diekmann,https://github.com/diekmann,1
kashif,https://github.com/kashif,1
krk,https://github.com/krk,1
steinwaywhw,https://github.com/steinwaywhw,1
mamodom,https://github.com/mamodom,1
soc,https://github.com/soc,1
remixz,https://github.com/remixz,1
hdgarrood,https://github.com/hdgarrood,1
kepstin,https://github.com/kepstin,1
jecisc,https://github.com/jecisc,1
jesusaurus,https://github.com/jesusaurus,1
am11,https://github.com/am11,1
fix-fix,https://github.com/fix-fix,1
mandel,https://github.com/mandel,1
3flex,https://github.com/3flex,1
powerman,https://github.com/powerman,1
ajlangley,https://github.com/ajlangley,1
phillipberndt,https://github.com/phillipberndt,1
ankitr,https://github.com/ankitr,1
rji,https://github.com/rji,1
wizawu,https://github.com/wizawu,1
infininight,https://github.com/infininight,1
danmichaelo,https://github.com/danmichaelo,1
csimons,https://github.com/csimons,1
pwaller,https://github.com/pwaller,1
pborreli,https://github.com/pborreli,1
justinclift,https://github.com/justinclift,1
geekflyer,https://github.com/geekflyer,1
jredville,https://github.com/jredville,1
couchand,https://github.com/couchand,1
humzashah,https://github.com/humzashah,1
michaelficarra,https://github.com/michaelficarra,1
ykzts,https://github.com/ykzts,1
soonhokong,https://github.com/soonhokong,1
frunns,https://github.com/frunns,1
waveform80,https://github.com/waveform80,1
vors,https://github.com/vors,1
wmertens,https://github.com/wmertens,1
erik,https://github.com/erik,1
petercrlane,https://github.com/petercrlane,1
chochos,https://github.com/chochos,1
mephaust,https://github.com/mephaust,1
redroot,https://github.com/redroot,1
alokmenghrajani,https://github.com/alokmenghrajani,1
kr,https://github.com/kr,1
draegtun,https://github.com/draegtun,1
ferrall,https://github.com/ferrall,1
mavam,https://github.com/mavam,1
jsocol,https://github.com/jsocol,1
ngarnier,https://github.com/ngarnier,1
robin850,https://github.com/robin850,1
josh-padnick,https://github.com/josh-padnick,1
saantiaguilera,https://github.com/saantiaguilera,1
manveru,https://github.com/manveru,1
jimhester,https://github.com/jimhester,1
MattDMo,https://github.com/MattDMo,1
ellemenno,https://github.com/ellemenno,1
soimort,https://github.com/soimort,1
sandyarmstrong,https://github.com/sandyarmstrong,1
johanatan,https://github.com/johanatan,1
Aaron1011,https://github.com/Aaron1011,1
CNG,https://github.com/CNG,1
GWRon,https://github.com/GWRon,1
tucnak,https://github.com/tucnak,1
GiampaoloFalqui,https://github.com/GiampaoloFalqui,1
karel-brinda,https://github.com/karel-brinda,1
halirutan,https://github.com/halirutan,1
ahmadsalim,https://github.com/ahmadsalim,1
t-b,https://github.com/t-b,1
rdwampler,https://github.com/rdwampler,1
adius,https://github.com/adius,1
henrikhodne,https://github.com/henrikhodne,1
tamird,https://github.com/tamird,1
shortstuffsushi,https://github.com/shortstuffsushi,1
timm,https://github.com/timm,1
