username,url,count
sinbad,https://github.com/sinbad,100
sschuberth,https://github.com/sschuberth,28
larsxschneider,https://github.com/larsxschneider,23
michael-k,https://github.com/michael-k,21
andyneff,https://github.com/andyneff,20
javabrett,https://github.com/javabrett,12
ssgelm,https://github.com/ssgelm,10
dpursehouse,https://github.com/dpursehouse,9
bozaro,https://github.com/bozaro,7
epriestley,https://github.com/epriestley,6
sprohaska,https://github.com/sprohaska,3
dakotahawkins,https://github.com/dakotahawkins,3
mathstuf,https://github.com/mathstuf,3
billygor,https://github.com/billygor,2
asottile,https://github.com/asottile,2
jiangxin,https://github.com/jiangxin,2
teo-tsirpanis,https://github.com/teo-tsirpanis,2
omonnier,https://github.com/omonnier,2
strich,https://github.com/strich,2
PeterDaveHello,https://github.com/PeterDaveHello,2
thekafkaf,https://github.com/thekafkaf,2
ryansimmen,https://github.com/ryansimmen,2
WillHipschman,https://github.com/WillHipschman,2
anatolyborodin,https://github.com/anatolyborodin,2
rtyley,https://github.com/rtyley,2
glensc,https://github.com/glensc,2
aleb,https://github.com/aleb,2
eanakashima,https://github.com/eanakashima,1
Aorjoa,https://github.com/Aorjoa,1
skymoo,https://github.com/skymoo,1
raleksandar,https://github.com/raleksandar,1
nathanhi,https://github.com/nathanhi,1
pascalberger,https://github.com/pascalberger,1
p12tic,https://github.com/p12tic,1
revi,https://github.com/revi,1
jasperla,https://github.com/jasperla,1
mattn,https://github.com/mattn,1
GabLeRoux,https://github.com/GabLeRoux,1
ddanier,https://github.com/ddanier,1
jakub-m,https://github.com/jakub-m,1
lucaswerkmeister,https://github.com/lucaswerkmeister,1
VladimirKhvostov,https://github.com/VladimirKhvostov,1
jlehtnie,https://github.com/jlehtnie,1
creste,https://github.com/creste,1
zeldin,https://github.com/zeldin,1
wsprent,https://github.com/wsprent,1
rudineirk,https://github.com/rudineirk,1
orivej,https://github.com/orivej,1
chalstrick,https://github.com/chalstrick,1
seth2810,https://github.com/seth2810,1
joerg,https://github.com/joerg,1
monitorjbl,https://github.com/monitorjbl,1
pabloguerrero,https://github.com/pabloguerrero,1
AndrewJDR,https://github.com/AndrewJDR,1
nbrew,https://github.com/nbrew,1
Mistobaan,https://github.com/Mistobaan,1
rjbell4,https://github.com/rjbell4,1
wpsmith,https://github.com/wpsmith,1
gurugray,https://github.com/gurugray,1
ro31337,https://github.com/ro31337,1
jsh,https://github.com/jsh,1
ralfthewise,https://github.com/ralfthewise,1
kaleworsley,https://github.com/kaleworsley,1
chrissiebrodigan,https://github.com/chrissiebrodigan,1
bilke,https://github.com/bilke,1
fj,https://github.com/fj,1
devcurmudgeon,https://github.com/devcurmudgeon,1
grimreaper,https://github.com/grimreaper,1
TheJare,https://github.com/TheJare,1
sanoursa,https://github.com/sanoursa,1
QuLogic,https://github.com/QuLogic,1
thpang67,https://github.com/thpang67,1
pborreli,https://github.com/pborreli,1
noamt,https://github.com/noamt,1
ZaninAndrea,https://github.com/ZaninAndrea,1
catphish,https://github.com/catphish,1
myint,https://github.com/myint,1
clareliguori,https://github.com/clareliguori,1
graingert,https://github.com/graingert,1
pdf,https://github.com/pdf,1
laurent-barbisan-ullink,https://github.com/laurent-barbisan-ullink,1
seiyanuta,https://github.com/seiyanuta,1
