username,url,count
benogle,https://github.com/benogle,154
50Wliu,https://github.com/50Wliu,91
mnquintana,https://github.com/mnquintana,72
matthewwithanm,https://github.com/matthewwithanm,29
bolinfest,https://github.com/bolinfest,26
thedaniel,https://github.com/thedaniel,24
jlord,https://github.com/jlord,23
thomasjo,https://github.com/thomasjo,21
paulcbetts,https://github.com/paulcbetts,17
joefitzgerald,https://github.com/joefitzgerald,13
ssorallen,https://github.com/ssorallen,13
Ben3eeE,https://github.com/Ben3eeE,11
Ingramz,https://github.com/Ingramz,10
svanharmelen,https://github.com/svanharmelen,10
leroix,https://github.com/leroix,10
ghost,https://github.com/ghost,9
dmnd,https://github.com/dmnd,7
nshtg,https://github.com/nshtg,7
Bengt,https://github.com/Bengt,7
aroben,https://github.com/aroben,7
xfq,https://github.com/xfq,6
vjeux,https://github.com/vjeux,6
U8NWXD,https://github.com/U8NWXD,6
postcasio,https://github.com/postcasio,5
mostafaeweda,https://github.com/mostafaeweda,5
DouweM,https://github.com/DouweM,5
eestrada,https://github.com/eestrada,5
UziTech,https://github.com/UziTech,5
lpommers,https://github.com/lpommers,5
Fank,https://github.com/Fank,5
batjko,https://github.com/batjko,5
cameronmcefee,https://github.com/cameronmcefee,4
shama,https://github.com/shama,4
BrainCrumbz,https://github.com/BrainCrumbz,4
wbinnssmith,https://github.com/wbinnssmith,4
wvanlint,https://github.com/wvanlint,4
ypresto,https://github.com/ypresto,4
jssln,https://github.com/jssln,4
oggy,https://github.com/oggy,4
scv119,https://github.com/scv119,4
wfarr,https://github.com/wfarr,4
captbaritone,https://github.com/captbaritone,4
basarat,https://github.com/basarat,3
philschatz,https://github.com/philschatz,3
jessegrosjean,https://github.com/jessegrosjean,3
Locke23rus,https://github.com/Locke23rus,3
tony612,https://github.com/tony612,3
zertosh,https://github.com/zertosh,3
dirk-thomas,https://github.com/dirk-thomas,3
lgeiger,https://github.com/lgeiger,3
hansonw,https://github.com/hansonw,3
MaximSokolov,https://github.com/MaximSokolov,3
envygeeks,https://github.com/envygeeks,3
aureliojargas,https://github.com/aureliojargas,3
deprint,https://github.com/deprint,3
jrsconfitto,https://github.com/jrsconfitto,3
dsandstrom,https://github.com/dsandstrom,3
coliff,https://github.com/coliff,3
mpkh,https://github.com/mpkh,2
abe33,https://github.com/abe33,2
fscherwi,https://github.com/fscherwi,2
amayer5125,https://github.com/amayer5125,2
mertkahyaoglu,https://github.com/mertkahyaoglu,2
mortenpi,https://github.com/mortenpi,2
leo,https://github.com/leo,2
Zirro,https://github.com/Zirro,2
t9md,https://github.com/t9md,2
pritambaral,https://github.com/pritambaral,2
suda,https://github.com/suda,2
jacekkopecky,https://github.com/jacekkopecky,2
mattgraham,https://github.com/mattgraham,2
mrodalgaard,https://github.com/mrodalgaard,2
dyross,https://github.com/dyross,2
hron,https://github.com/hron,2
jeremyramin,https://github.com/jeremyramin,2
viddo,https://github.com/viddo,2
ardeshirj,https://github.com/ardeshirj,2
drewkett,https://github.com/drewkett,2
aaronraimist,https://github.com/aaronraimist,2
mehcode,https://github.com/mehcode,2
aki77,https://github.com/aki77,2
devoncarew,https://github.com/devoncarew,2
ggreer,https://github.com/ggreer,2
raelyard,https://github.com/raelyard,2
aranajhonny,https://github.com/aranajhonny,2
Tyriar,https://github.com/Tyriar,2
mojombo,https://github.com/mojombo,2
rldaggie,https://github.com/rldaggie,2
syndbg,https://github.com/syndbg,2
MoritzKn,https://github.com/MoritzKn,2
ruthgrace,https://github.com/ruthgrace,2
russlescai,https://github.com/russlescai,2
segevfiner,https://github.com/segevfiner,2
colelawrence,https://github.com/colelawrence,2
ForNeVeR,https://github.com/ForNeVeR,2
karlin,https://github.com/karlin,2
ryanpcmcquen,https://github.com/ryanpcmcquen,2
kant,https://github.com/kant,2
nounoursheureux,https://github.com/nounoursheureux,2
joseramonc,https://github.com/joseramonc,1
vvakame,https://github.com/vvakame,1
tombh,https://github.com/tombh,1
vpeil,https://github.com/vpeil,1
natalieogle,https://github.com/natalieogle,1
hellendag,https://github.com/hellendag,1
giodamelio,https://github.com/giodamelio,1
ycai2,https://github.com/ycai2,1
acontreras89,https://github.com/acontreras89,1
driskell,https://github.com/driskell,1
MatthiasWinkelmann,https://github.com/MatthiasWinkelmann,1
drewchandler,https://github.com/drewchandler,1
vegar,https://github.com/vegar,1
sryze,https://github.com/sryze,1
pierredup,https://github.com/pierredup,1
xfontes42,https://github.com/xfontes42,1
tobiasvl,https://github.com/tobiasvl,1
fruchtose,https://github.com/fruchtose,1
matkoniecz,https://github.com/matkoniecz,1
farnabaz,https://github.com/farnabaz,1
flannelhead,https://github.com/flannelhead,1
daxlab,https://github.com/daxlab,1
herkyl,https://github.com/herkyl,1
steelbrain,https://github.com/steelbrain,1
remexre,https://github.com/remexre,1
Theswweet,https://github.com/Theswweet,1
philwyett-hemi,https://github.com/philwyett-hemi,1
xcvd,https://github.com/xcvd,1
derekgr,https://github.com/derekgr,1
dgm34,https://github.com/dgm34,1
flububb,https://github.com/flububb,1
Jonahss,https://github.com/Jonahss,1
octref,https://github.com/octref,1
Bjoernsen,https://github.com/Bjoernsen,1
cs150bf,https://github.com/cs150bf,1
TimvdLippe,https://github.com/TimvdLippe,1
steffengy,https://github.com/steffengy,1
dsine-de,https://github.com/dsine-de,1
zigal,https://github.com/zigal,1
jussi-kalliokoski,https://github.com/jussi-kalliokoski,1
jonjitsu,https://github.com/jonjitsu,1
sophearak,https://github.com/sophearak,1
dietmar,https://github.com/dietmar,1
Xapphire13,https://github.com/Xapphire13,1
Ferk,https://github.com/Ferk,1
m1guelpf,https://github.com/m1guelpf,1
wulftone,https://github.com/wulftone,1
tnm,https://github.com/tnm,1
grenade,https://github.com/grenade,1
liuxiong332,https://github.com/liuxiong332,1
jimgraham,https://github.com/jimgraham,1
ehuss,https://github.com/ehuss,1
ggreif,https://github.com/ggreif,1
brunetton,https://github.com/brunetton,1
akkatracker,https://github.com/akkatracker,1
Down10,https://github.com/Down10,1
RodrigoEspinosa,https://github.com/RodrigoEspinosa,1
jamsinclair,https://github.com/jamsinclair,1
jeancroy,https://github.com/jeancroy,1
brettle,https://github.com/brettle,1
fordhurley,https://github.com/fordhurley,1
williambout,https://github.com/williambout,1
fenuks,https://github.com/fenuks,1
subesokun,https://github.com/subesokun,1
alexandershov,https://github.com/alexandershov,1
AgentAntelope,https://github.com/AgentAntelope,1
adrianlee44,https://github.com/adrianlee44,1
jonmast,https://github.com/jonmast,1
akonwi,https://github.com/akonwi,1
joliv,https://github.com/joliv,1
portal-chan,https://github.com/portal-chan,1
1ace,https://github.com/1ace,1
pusateri,https://github.com/pusateri,1
pietro909,https://github.com/pietro909,1
MikeInnes,https://github.com/MikeInnes,1
GilTeixeira,https://github.com/GilTeixeira,1
danielbayley,https://github.com/danielbayley,1
cobyism,https://github.com/cobyism,1
vovkasm,https://github.com/vovkasm,1
adzenith,https://github.com/adzenith,1
laurmurclar,https://github.com/laurmurclar,1
FalkF,https://github.com/FalkF,1
stanfieldr,https://github.com/stanfieldr,1
proggga,https://github.com/proggga,1
viatsko,https://github.com/viatsko,1
jessfraz,https://github.com/jessfraz,1
marcbachmann,https://github.com/marcbachmann,1
matttbe,https://github.com/matttbe,1
idleberg,https://github.com/idleberg,1
fazlearefin,https://github.com/fazlearefin,1
Kangaroopower,https://github.com/Kangaroopower,1
lexicalunit,https://github.com/lexicalunit,1
MScottBlake,https://github.com/MScottBlake,1
CoolOppo,https://github.com/CoolOppo,1
wyand,https://github.com/wyand,1
Gaelan,https://github.com/Gaelan,1
colllin,https://github.com/colllin,1
bogdan-kulynych,https://github.com/bogdan-kulynych,1
nullstyle,https://github.com/nullstyle,1
kaiserfro,https://github.com/kaiserfro,1
warrenpnz,https://github.com/warrenpnz,1
mattbelland,https://github.com/mattbelland,1
absynce,https://github.com/absynce,1
avrahamruderman,https://github.com/avrahamruderman,1
jpelgrom,https://github.com/jpelgrom,1
rachelmyers,https://github.com/rachelmyers,1
jgebhardt,https://github.com/jgebhardt,1
liuderchi,https://github.com/liuderchi,1
ebayer,https://github.com/ebayer,1
rahatarmanahmed,https://github.com/rahatarmanahmed,1
alazaro,https://github.com/alazaro,1
edjubuh,https://github.com/edjubuh,1
aaronshaf,https://github.com/aaronshaf,1
zelon,https://github.com/zelon,1
jhasse,https://github.com/jhasse,1
TiagoDanin,https://github.com/TiagoDanin,1
DinisCruz,https://github.com/DinisCruz,1
casesandberg,https://github.com/casesandberg,1
ablakely,https://github.com/ablakely,1
ArnaudRinquin,https://github.com/ArnaudRinquin,1
phord,https://github.com/phord,1
mlloreda,https://github.com/mlloreda,1
frantic1048,https://github.com/frantic1048,1
tmunro,https://github.com/tmunro,1
pwagland,https://github.com/pwagland,1
ammarnajjar,https://github.com/ammarnajjar,1
him2him2,https://github.com/him2him2,1
varesa,https://github.com/varesa,1
benburkert,https://github.com/benburkert,1
m0x72,https://github.com/m0x72,1
arnavb,https://github.com/arnavb,1
vedharish,https://github.com/vedharish,1
isghe,https://github.com/isghe,1
jsomers,https://github.com/jsomers,1
hkdobrev,https://github.com/hkdobrev,1
mikezawitkowski,https://github.com/mikezawitkowski,1
Frozenfire92,https://github.com/Frozenfire92,1
deiga,https://github.com/deiga,1
yuanwhy,https://github.com/yuanwhy,1
kelunik,https://github.com/kelunik,1
thisiskj,https://github.com/thisiskj,1
neurosnap,https://github.com/neurosnap,1
a-moses,https://github.com/a-moses,1
malept,https://github.com/malept,1
yomybaby,https://github.com/yomybaby,1
dpen2000,https://github.com/dpen2000,1
philipgiuliani,https://github.com/philipgiuliani,1
pimentel,https://github.com/pimentel,1
jordanbtucker,https://github.com/jordanbtucker,1
kierans,https://github.com/kierans,1
luca-moser,https://github.com/luca-moser,1
khakionion,https://github.com/khakionion,1
didrocks,https://github.com/didrocks,1
tcyrus,https://github.com/tcyrus,1
alanyee,https://github.com/alanyee,1
bbenoist,https://github.com/bbenoist,1
jonathandelgado,https://github.com/jonathandelgado,1
IanLee1521,https://github.com/IanLee1521,1
mrnonz,https://github.com/mrnonz,1
pra85,https://github.com/pra85,1
steakknife,https://github.com/steakknife,1
tjkohli,https://github.com/tjkohli,1
wrongway4you,https://github.com/wrongway4you,1
KINFOO,https://github.com/KINFOO,1
pinak,https://github.com/pinak,1
alexchandel,https://github.com/alexchandel,1
lugrace,https://github.com/lugrace,1
EasyHard,https://github.com/EasyHard,1
ardhipoetra,https://github.com/ardhipoetra,1
yakirac,https://github.com/yakirac,1
Spice-King,https://github.com/Spice-King,1
schacon,https://github.com/schacon,1
andreicristianpetcu,https://github.com/andreicristianpetcu,1
BenRussert,https://github.com/BenRussert,1
erikhakansson,https://github.com/erikhakansson,1
CosmicWebServices,https://github.com/CosmicWebServices,1
themaninthesuitcase,https://github.com/themaninthesuitcase,1
ultramiraculous,https://github.com/ultramiraculous,1
nikhilofthesouth,https://github.com/nikhilofthesouth,1
brixen,https://github.com/brixen,1
shreyasminocha,https://github.com/shreyasminocha,1
Someguy123,https://github.com/Someguy123,1
Maxhodges,https://github.com/Maxhodges,1
abahgat,https://github.com/abahgat,1
PaulAik,https://github.com/PaulAik,1
lukecaputo,https://github.com/lukecaputo,1
jeffbonhag,https://github.com/jeffbonhag,1
jbrains,https://github.com/jbrains,1
ivernus,https://github.com/ivernus,1
pborreli,https://github.com/pborreli,1
danfuzz,https://github.com/danfuzz,1
DrPandemic,https://github.com/DrPandemic,1
natthu,https://github.com/natthu,1
clickthisnick,https://github.com/clickthisnick,1
teddybradford,https://github.com/teddybradford,1
kube,https://github.com/kube,1
SKAhack,https://github.com/SKAhack,1
krnowak,https://github.com/krnowak,1
avdv,https://github.com/avdv,1
marceloatie,https://github.com/marceloatie,1
jsoref,https://github.com/jsoref,1
avdg,https://github.com/avdg,1
outsideris,https://github.com/outsideris,1
stereobooster,https://github.com/stereobooster,1
torn4dom4n,https://github.com/torn4dom4n,1
jeremy-engel,https://github.com/jeremy-engel,1
tsunamistate,https://github.com/tsunamistate,1
p-e-w,https://github.com/p-e-w,1
pbiggar,https://github.com/pbiggar,1
captn3m0,https://github.com/captn3m0,1
mrngoitall,https://github.com/mrngoitall,1
stramel,https://github.com/stramel,1
verrazanof,https://github.com/verrazanof,1
bradgearon,https://github.com/bradgearon,1
0b10011,https://github.com/0b10011,1
Connormiha,https://github.com/Connormiha,1
sparanoid,https://github.com/sparanoid,1
klorenz,https://github.com/klorenz,1
AngelEzquerra,https://github.com/AngelEzquerra,1
aqchin,https://github.com/aqchin,1
wernight,https://github.com/wernight,1
mhw,https://github.com/mhw,1
royGil,https://github.com/royGil,1
skardach,https://github.com/skardach,1
samhunta,https://github.com/samhunta,1
dreiss,https://github.com/dreiss,1
coreylindsey,https://github.com/coreylindsey,1
aaronhalford,https://github.com/aaronhalford,1
b6pzeusbc54tvhw5jgpyw8pwz2x6gs,https://github.com/b6pzeusbc54tvhw5jgpyw8pwz2x6gs,1
onkrot,https://github.com/onkrot,1
alfredxing,https://github.com/alfredxing,1
kerryguard,https://github.com/kerryguard,1
n-riesco,https://github.com/n-riesco,1
evinugur,https://github.com/evinugur,1
efatsi,https://github.com/efatsi,1
bencolon,https://github.com/bencolon,1
ddavison,https://github.com/ddavison,1
dungeonmaster18,https://github.com/dungeonmaster18,1
oclbdk,https://github.com/oclbdk,1
Kreozot,https://github.com/Kreozot,1
LEDfan,https://github.com/LEDfan,1
mark-hahn,https://github.com/mark-hahn,1
j-em,https://github.com/j-em,1
kittens,https://github.com/kittens,1
brumm,https://github.com/brumm,1
anatoli26,https://github.com/anatoli26,1
drewmnoel,https://github.com/drewmnoel,1
blopker,https://github.com/blopker,1
rbottema,https://github.com/rbottema,1
strugee,https://github.com/strugee,1
Glavin001,https://github.com/Glavin001,1
rameshvarun,https://github.com/rameshvarun,1
fedorov,https://github.com/fedorov,1
dav-ell,https://github.com/dav-ell,1
adnelson,https://github.com/adnelson,1
qJake,https://github.com/qJake,1
GeoffreyFrogeye,https://github.com/GeoffreyFrogeye,1
Positive07,https://github.com/Positive07,1
brendannee,https://github.com/brendannee,1
dertuxmalwieder,https://github.com/dertuxmalwieder,1
bcoe,https://github.com/bcoe,1
lstoll,https://github.com/lstoll,1
PeterDaveHello,https://github.com/PeterDaveHello,1
radum,https://github.com/radum,1
rmartin,https://github.com/rmartin,1
chuckhendo,https://github.com/chuckhendo,1
erfanio,https://github.com/erfanio,1
lazy-ninja,https://github.com/lazy-ninja,1
livelazily,https://github.com/livelazily,1
